n,z,excess
1,0,8071.31806
0,1,7288.971064
1,1,13135.722895
2,1,14949.81090
1,2,14931.21888
3,1,24621.129
2,2,2424.91587
1,3,25323.190
4,1,32892.447
3,2,11231.234
2,3,11678.887
5,1,41875.725
4,2,17592.095
3,3,14086.88044
2,4,18375.034
5,2,26073.128
4,3,14907.10463
3,4,15768.998
2,5,27676.553
6,2,31609.683
5,3,20945.805
4,4,4941.672
3,5,22921.569
2,6,35064.269
7,2,40935.826
6,3,24954.905
5,4,11348.451
4,5,12416.486
3,6,28910.971
8,2,49197.147
7,3,33052.628
6,4,12607.487
5,5,12050.611
4,6,15698.673
3,7,38800.027
8,3,40728.259
7,4,20177.169
6,5,8667.708
5,6,10649.397
4,7,24365.644
3,8,47738.913
9,3,49009.577
8,4,25077.761
7,5,13369.398
6,6,0.0
5,7,17338.068
4,8,32013.335
10,3,56980.895
9,4,33659.080
8,5,16561.948
7,6,3125.00933
6,7,5345.481
5,8,23115.432
10,4,39954.502
9,5,23663.686
8,6,3019.89328
7,7,2863.41683
6,8,8007.781
5,9,31964.403
11,4,49825.821
10,5,28957.379
9,6,9873.145
8,7,101.43809
7,8,2855.622
6,9,16566.752
5,10,40215.374
12,4,57447.139
11,5,37111.699
10,6,13694.133
9,7,5683.907
8,8,-4737.00217
7,9,10675.182
6,10,23986.775
12,5,43716.322
11,6,21031.880
10,7,7870.079
9,8,-808.76421
8,9,1951.701
7,10,16500.452
6,11,34719.580
13,5,51792.640
12,6,24919.266
11,7,13113.167
10,8,-782.81634
9,9,873.112
8,10,5317.617
7,11,25037.992
14,5,59770.251
13,6,32413.754
12,7,15856.255
11,8,3332.858
10,9,-1487.44512
9,10,1752.054
8,11,12929.384
7,12,31838.394
15,5,69401.569
14,6,37503.567
13,7,21766.498
12,8,3796.172
11,9,-17.463
10,10,-7041.93217
9,11,6850.489
8,12,17477.694
16,5,78382.887
14,7,25231.915
13,8,8062.034
12,9,-47.605
11,10,-5731.776
10,11,-2184.857
9,12,10903.851
16,6,53611.203
15,7,31764.805
14,8,9283.032
13,9,2793.376
12,10,-8024.716
11,11,-5181.391
10,12,-399.986
16,7,36720.429
15,8,14621.371
14,9,3285.263
13,10,-5154.045
12,11,-9529.85352
11,12,-5473.675
10,13,6748.071
16,8,18500.404
15,9,7544.516
14,10,-5951.642
13,11,-8417.901
12,12,-13933.578
11,13,-48.812
10,14,10745.186
17,8,27329.030
16,9,11334.167
15,10,-2035.503
14,11,-9357.814
13,12,-13192.782
12,13,-8915.974
11,14,3827.322
18,8,34661.041
17,9,18674.655
16,10,481.114
15,11,-6860.780
14,12,-16214.544
13,13,-12210.139
12,14,-7141.003
18,9,25133.478
17,10,7050.910
16,11,-5517.791
15,12,-14586.594
14,13,-17196.864
13,14,-12384.505
12,15,-659.032
19,9,33403.796
18,10,11299.738
17,11,-988.315
16,12,-15019.946
15,13,-16850.719
14,14,-21492.79711
13,15,-7147.856
12,16,4073.203
20,9,40150.190
19,10,18399.803
18,11,2679.994
17,12,-10612.360
16,13,-18207.762
15,14,-21895.08154
14,15,-16952.849
13,16,-3094.423
20,10,23280.120
19,11,8474.670
18,12,-8881.373
17,13,-15864.116
16,14,-24432.962
15,15,-20200.856
14,16,-14059.254
13,17,4674.548
21,10,31181.594
20,11,12246.031
19,12,-3122.152
18,13,-14950.709
17,14,-22949.037
16,15,-24440.54442
15,16,-19042.531
14,17,-7034.552
21,11,18640.152
20,12,-828.901
19,13,-11099.368
18,14,-24077.689
17,15,-24304.876
16,16,-26015.53714
15,17,-13334.706
14,18,-2200.352
22,11,23780.113
21,12,4962.873
20,13,-8497.382
19,14,-20514.328
18,15,-26337.350
17,16,-26585.85830
16,17,-21003.340
15,18,-9384.295
23,11,31680.114
22,12,8323.324
21,13,-2997.619
20,14,-19991.684
19,15,-24548.702
18,16,-29931.689
17,17,-24440.086
16,18,-18378.293
23,12,15639.786
22,13,-223.730
21,14,-14391.480
20,15,-24857.809
19,16,-28846.210
18,17,-29013.532
17,18,-23047.289
16,19,-11172.893
24,12,20380.159
23,13,5950.384
22,14,-12436.125
21,15,-20251.045
20,16,-30664.141
19,17,-29522.008
18,18,-30231.542
17,19,-17417.182
16,20,-6451.166
25,12,28211.478
24,13,9809.564
23,14,-6571.512
22,15,-18996.012
21,16,-26896.426
20,17,-31761.552
19,18,-30947.679
18,19,-24800.201
17,20,-13136.070
24,14,-4170.299
23,15,-14621.565
22,16,-26861.216
21,17,-29798.116
20,18,-34714.827
19,19,-28800.760
18,20,-22058.503
25,14,2320.352
24,15,-12774.636
23,16,-23162.672
22,17,-29800.218
21,18,-33242.195
20,19,-33807.19535
19,20,-27282.707
18,21,-14172.726
26,14,5666.876
25,15,-8139.189
24,16,-22837.850
23,17,-27557.818
22,18,-35039.89997
21,19,-33535.497
20,20,-34846.402
19,21,-20523.353
18,22,-8993.439
26,15,-4979.767
25,16,-19008.580
24,17,-27307.192
23,18,-33067.510
22,19,-35559.54880
21,20,-35137.908
20,21,-28642.360
19,22,-15697.539
27,15,1091.842
26,16,-17637.748
25,17,-24831.770
24,18,-34422.678
23,19,-35022.031
22,20,-38547.293
21,21,-32121.003
20,22,-25104.353
27,16,-12195.461
26,17,-24159.510
25,18,-32009.811
24,19,-36575.394
23,20,-38408.873
22,21,-36188.150
21,22,-29315.591
20,23,-17916.358
28,16,-9204.236
27,17,-20478.973
26,18,-32673.260
25,19,-35781.498
24,20,-41468.730
23,21,-37816.035
22,22,-37548.586
21,23,-23808.079
20,24,-13421.899
28,17,-18262.544
27,18,-29770.801
26,19,-36615.643
25,20,-40812.230
24,21,-41072.321
23,22,-39010.266
22,23,-31886.441
21,24,-19514.801
29,17,-13734.949
28,18,-29771.255
27,19,-35413.929
26,20,-43139.610
25,21,-41761.643
24,22,-44128.269
23,23,-37075.897
22,24,-29471.570
21,25,-12417.748
29,18,-25367.274
28,19,-35711.982
27,20,-42344.665
26,21,-44336.842
25,22,-44937.612
24,23,-42007.070
23,24,-34563.093
22,25,-22566.376
30,18,-22354.927
29,19,-32284.482
28,20,-44224.868
27,21,-44504.083
26,22,-48492.952
25,23,-44478.005
24,24,-42821.313
23,25,-29296.644
22,26,-18008.575
30,19,-29611.496
29,20,-41300.003
28,21,-46562.447
27,22,-48564.012
26,23,-47962.157
25,24,-45332.352
24,25,-37619.925
23,26,-24750.730
31,19,-25727.853
30,20,-39589.230
29,21,-44537.120
28,22,-51431.867
27,23,-49223.240
26,24,-50261.364
25,25,-42626.886
24,26,-34476.460
23,27,-17589.403
32,19,-22515.457
31,20,-36332.310
30,21,-43250.353
29,22,-49732.965
28,23,-52203.105
27,24,-51450.715
26,25,-48243.225
25,26,-40189.185
24,27,-27342.146
33,19,-17137.628
32,20,-34266.272
31,21,-40523.560
30,22,-49477.698
29,23,-51443.032
28,24,-55419.508
27,25,-50711.387
26,26,-48332.095
25,27,-34343.979
24,28,-22559.856
34,19,-12295.722
33,20,-29387.707
32,21,-38769.555
31,22,-46881.433
30,23,-51851.675
29,24,-55287.618
28,25,-54690.350
27,26,-50947.483
26,27,-42659.376
25,28,-29630.827
34,20,-25160.587
33,21,-34437.934
32,22,-45743.812
31,23,-49898.267
30,24,-56935.379
29,25,-55558.247
28,26,-56254.615
27,27,-48010.068
26,28,-39278.312
35,20,-18650.375
34,21,-30842.108
33,22,-41832.469
32,23,-49125.136
31,24,-55110.324
30,25,-57712.542
29,26,-57481.422
28,27,-54029.996
27,28,-45335.961
26,29,-31635.403
36,20,-13510.390
35,21,-25515.848
34,22,-39422.995
33,23,-46183.401
32,24,-55285.128
31,25,-56911.666
30,26,-60607.163
29,27,-56040.518
28,28,-53907.649
27,29,-38629.733
36,21,-21379.653
35,22,-34401.848
34,23,-44435.063
33,24,-52524.985
32,25,-57486.279
31,26,-60182.017
30,27,-59345.658
29,28,-56083.961
28,29,-47309.014
37,21,-15479.569
36,22,-30917.668
35,23,-40430.584
34,24,-51991.808
33,25,-55827.568
32,26,-62155.271
31,27,-59847.292
30,28,-60228.871
29,29,-51667.851
28,30,-42298.871
38,21,-10829.550
36,23,-37610.617
35,24,-48115.931
34,25,-55525.328
33,26,-60664.957
32,27,-62229.838
31,28,-61156.833
30,29,-56358.454
29,30,-47215.678
38,22,-22099.698
37,23,-33087.402
36,24,-46908.500
35,25,-52967.946
34,26,-61413.174
33,27,-61650.437
32,28,-64473.243
31,29,-58345.262
30,30,-54174.470
38,23,-30177.121
37,24,-42496.502
36,25,-51742.130
35,26,-58920.503
34,27,-62898.179
33,28,-64222.029
32,29,-61984.063
31,30,-56348.906
30,31,-47134.662
39,23,-25213.164
38,24,-40852.611
37,25,-48523.965
36,26,-58878.057
35,27,-61424.399
34,28,-66746.440
33,29,-62787.543
32,30,-61168.088
31,31,-51987.022
40,23,-21740.141
39,24,-36178.299
38,25,-46887.061
37,26,-55635.629
36,27,-61851.553
35,28,-65512.891
34,29,-65579.868
33,30,-62213.429
32,31,-56547.100
31,32,-46921.221
40,24,-33639.978
39,25,-42989.040
38,26,-54969.552
37,27,-59792.442
36,28,-67099.034
35,29,-65424.418
34,30,-66004.018
33,31,-58832.827
32,32,-54315.503
40,25,-40967.344
39,26,-51217.902
38,27,-59185.205
37,28,-65125.796
36,29,-67263.677
35,30,-65912.024
34,31,-62657.486
33,32,-56478.223
32,33,-46937.056
41,25,-36750.392
40,26,-50067.847
39,27,-56408.541
38,28,-66006.293
37,29,-66258.289
36,30,-68899.229
35,31,-63723.729
34,32,-61607.041
33,33,-52025.084
41,26,-45708.416
40,27,-55321.783
39,28,-63742.688
38,29,-67319.553
37,30,-67880.376
36,31,-66879.156
35,32,-62673.718
34,33,-56587.232
33,34,-46580.294
41,27,-51642.591
40,28,-63463.822
39,29,-65567.043
38,30,-70007.154
37,31,-67086.054
36,32,-66978.799
35,33,-58894.527
34,34,-54189.449
42,27,-50385.447
41,28,-59978.656
40,29,-65736.221
39,30,-68417.906
38,31,-69327.820
37,32,-67100.674
36,33,-63112.181
35,34,-56434.714
34,35,-46259.478
43,27,-46524.963
42,28,-59213.868
41,29,-62976.381
40,30,-69564.748
39,31,-68910.150
38,32,-70562.036
37,33,-64333.973
36,34,-61929.900
35,35,-51425.627
44,27,-44369.930
43,28,-55406.236
42,29,-62711.134
41,30,-67328.786
40,31,-70139.127
39,32,-69906.657
38,33,-67893.257
37,34,-63146.515
36,35,-56502.426
35,36,-46327.211
44,28,-54226.068
43,29,-59783.006
42,30,-68145.495
41,31,-68588.284
40,32,-72585.910
39,33,-68229.808
38,34,-67868.189
37,35,-59061.750
36,36,-53940.582
45,28,-50108.159
44,29,-58987.445
43,30,-65593.411
42,31,-69699.343
41,32,-71297.532
40,33,-70952.757
39,34,-68227.396
38,35,-63645.787
37,36,-56551.758
36,37,-46011.611
45,29,-56006.213
44,30,-65756.720
43,31,-68049.626
42,32,-73422.451
41,33,-70860.064
40,34,-72213.210
39,35,-65288.161
38,36,-62331.844
37,37,-51916.016
46,29,-54470.219
45,30,-62558.916
44,31,-68460.639
43,32,-71856.973
42,33,-73034.203
41,34,-72169.489
40,35,-69107.020
39,36,-64323.632
38,37,-57218.702
37,38,-46618.702
47,29,-50981.627
46,30,-62303.024
45,31,-66296.648
44,32,-73212.898
43,33,-72291.384
42,34,-75251.959
41,35,-70289.078
40,36,-69013.706
39,37,-60479.089
38,38,-54247.645
48,29,-48862.828
47,30,-58789.203
46,31,-65992.352
45,32,-71212.870
44,33,-73916.334
43,34,-74599.497
42,35,-73234.818
41,36,-70169.451
40,37,-64830.500
39,38,-57803.443
49,29,-44789.474
48,30,-57483.242
47,31,-63704.085
46,32,-71862.058
45,33,-72816.970
44,34,-77025.952
43,35,-73452.168
42,36,-74178.283
41,37,-66935.427
40,38,-63173.949
50,29,-42408.039
49,30,-53432.302
48,31,-62548.355
47,32,-69527.180
46,33,-73636.081
45,34,-75917.466
44,35,-76068.067
43,36,-74442.290
42,37,-70802.778
41,38,-65479.664
40,39,-57802.935
50,30,-51648.619
49,31,-59223.675
48,32,-69535.314
47,33,-72214.601
46,34,-77759.487
45,35,-75889.025
44,36,-77893.455
43,37,-72175.476
42,38,-70311.467
41,39,-61148.162
51,30,-46199.669
50,31,-57627.962
49,32,-66291.695
48,33,-72533.314
47,34,-76389.019
46,35,-77977.051
45,36,-77696.199
44,37,-75456.704
43,38,-71528.134
42,39,-65712.919
41,40,-57524.418
52,30,-42313.960
51,31,-52930.725
50,32,-65415.075
49,33,-70105.427
48,34,-77593.895
47,35,-77498.677
46,36,-80591.79509
45,37,-76187.813
44,38,-76010.062
43,39,-68064.097
42,40,-63614.063
52,31,-49257.129
51,32,-60976.442
50,33,-69669.331
49,34,-75340.543
48,35,-79013.721
47,36,-79990.643
46,37,-79070.639
45,38,-76797.616
44,39,-72205.672
43,40,-65911.659
42,41,-57612.910
53,31,-44094.136
52,32,-58148.435
51,33,-65853.568
50,34,-75947.731
49,35,-77783.094
48,36,-82439.34527
47,37,-79758.975
46,38,-80649.580
45,39,-73894.439
44,40,-71421.692
43,41,-61193.842
54,31,-39744.059
53,32,-53123.427
52,33,-63189.152
51,34,-72413.645
50,35,-78575.478
49,36,-81480.341
48,37,-82167.34065
47,38,-81103.290
46,39,-77842.131
45,40,-73175.196
44,41,-66279.684
43,42,-57509.760
54,32,-49399.927
53,33,-58962.150
52,34,-70503.175
51,35,-75632.261
50,36,-83265.67593
49,37,-82747.003
48,38,-84523.09977
47,39,-79283.100
46,40,-77969.023
45,41,-69134.061
44,42,-64110.927
54,33,-55617.914
53,34,-66426.133
52,35,-73891.685
51,36,-80709.531
50,37,-84597.802
49,38,-84880.07643
48,39,-83018.387
47,40,-79347.147
46,41,-73874.493
45,42,-66884.817
44,43,-57690.052
54,34,-63884.203
53,35,-70715.967
52,36,-79691.295
51,37,-82609.004
50,38,-87921.62876
49,39,-84299.029
48,40,-83628.874
47,41,-76171.555
46,42,-72686.553
45,43,-61670.301
55,34,-58992.398
54,35,-68274.271
53,36,-76535.795
52,37,-81712.399
51,38,-86209.026
50,39,-87711.202
49,40,-84877.974
48,41,-80625.755
47,42,-75014.944
46,43,-67394.857
45,44,-58369.424
56,34,-55800.223
55,35,-64000.306
54,36,-74959.259
53,37,-79365.573
52,38,-85950.945
51,39,-86496.912
50,40,-88772.547
49,41,-82661.531
48,42,-80172.514
47,43,-70724.696
46,44,-64883.801
57,34,-50580.130
56,35,-61107.301
55,36,-70973.974
54,37,-77745.049
53,38,-83651.950
52,39,-86351.321
51,40,-87895.592
50,41,-86638.028
49,42,-82208.834
48,43,-75986.657
47,44,-68239.833
57,35,-56232.812
56,36,-68769.329
55,37,-74772.450
54,38,-82867.371
53,39,-84816.494
52,40,-88459.024
51,41,-86453.290
50,42,-86808.587
49,43,-78925.703
48,44,-74301.211
47,45,-62999.095
46,46,-54779.095
58,35,-52890.235
57,36,-64136.002
56,37,-72619.900
55,38,-80085.844
54,39,-84227.155
53,40,-87122.028
52,41,-87212.840
51,42,-86807.079
50,43,-83606.116
49,44,-77216.723
48,45,-69011.810
47,46,-58981.810
58,36,-61347.780
57,37,-68562.791
56,38,-78845.721
55,39,-82351.473
54,40,-87269.332
53,41,-86369.063
52,42,-88414.079
51,43,-84158.332
50,44,-82583.602
49,45,-72907.623
48,46,-66102.281
59,36,-56158.920
58,37,-65890.307
57,38,-75117.284
56,39,-81207.937
55,40,-85659.940
54,41,-86786.272
53,42,-87711.872
52,43,-86021.355
51,44,-83457.759
50,45,-78340.616
49,46,-69965.913
60,36,-53081.682
59,37,-61354.351
58,38,-72918.248
57,39,-78329.986
56,40,-85438.860
55,41,-85602.830
54,42,-88794.889
53,43,-85821.648
52,44,-86080.385
51,45,-79687.732
50,46,-76183.420
49,47,-64511.645
61,36,-47423.499
60,37,-58519.145
59,38,-68580.674
58,39,-76115.455
57,40,-82936.693
56,41,-85602.797
55,42,-87544.700
54,43,-87224.436
53,44,-86120.564
52,45,-82597.564
51,46,-77805.852
50,47,-70904.027
49,48,-60734.027
61,37,-54369.152
60,38,-66422.389
59,39,-72288.748
58,40,-81281.757
57,41,-83524.612
56,42,-88115.980
55,43,-86432.214
54,44,-88224.871
53,45,-83175.219
52,46,-81320.985
51,47,-73066.425
50,48,-67636.425
62,37,-51121.150
61,38,-62518.527
60,39,-70643.730
59,40,-77616.670
58,41,-82335.344
57,42,-85970.106
56,43,-87327.869
55,44,-87625.385
54,45,-85584.522
53,46,-82182.861
52,47,-76712.483
51,48,-69931.132
63,37,-46265.884
62,38,-59817.505
61,39,-67321.241
60,40,-76372.736
59,41,-79791.246
58,42,-86193.029
57,43,-86020.951
56,44,-89227.391
55,45,-85591.130
54,46,-85212.672
53,47,-78137.969
52,48,-74194.595
51,49,-64178.146
50,50,-57148.146
64,37,-42567.417
63,38,-55324.914
62,39,-65054.787
61,40,-73160.987
60,41,-78891.488
59,42,-83519.952
58,43,-86344.593
57,44,-87958.113
56,45,-87412.428
55,46,-85432.145
54,47,-81334.384
53,48,-75836.466
52,49,-68544.901
51,50,-60305.624
65,37,-37252.312
64,38,-52159.311
63,39,-61172.641
62,40,-71581.427
61,41,-76298.265
60,42,-83560.866
59,43,-84572.921
58,44,-89106.435
57,45,-86783.316
56,46,-87902.963
55,47,-82246.702
54,48,-79659.702
53,49,-70694.896
52,50,-64934.896
64,39,-58457.034
63,40,-67808.993
62,41,-75028.667
61,42,-80954.331
60,43,-84603.920
59,44,-87267.168
58,45,-88031.705
57,46,-87456.980
56,47,-84802.702
55,48,-80651.626
54,49,-74632.397
64,40,-65717.660
63,41,-71810.997
62,42,-80343.748
61,43,-82498.969
60,44,-88095.763
59,45,-86959.344
58,46,-89395.123
57,47,-85116.470
56,48,-83968.391
55,49,-76182.675
54,50,-71627.057
52,52,-49626.831
65,40,-61458.274
64,41,-69915.547
63,42,-77330.788
62,43,-82286.303
61,44,-85934.543
60,45,-87851.270
59,46,-88417.905
58,47,-87070.848
57,48,-84333.849
56,49,-79640.582
55,50,-73338.001
54,51,-64015.491
53,52,-52811.509
65,41,-66202.678
64,42,-76128.003
63,43,-79776.253
62,44,-86323.253
61,45,-86362.656
60,46,-89907.543
59,47,-86942.399
58,48,-87132.153
57,49,-80608.150
56,50,-77353.698
55,51,-66473.301
54,52,-58219.759
66,41,-63723.805
65,42,-72544.975
64,43,-78749.967
63,44,-83862.565
62,45,-86863.711
61,46,-88372.654
60,47,-88406.700
59,48,-86990.325
58,49,-83566.667
57,50,-78512.239
56,51,-70653.248
67,41,-59545.198
66,42,-70749.297
65,43,-75922.831
64,44,-83661.404
63,45,-85031.156
62,46,-89524.215
61,47,-87606.792
60,48,-89252.423
59,49,-84119.828
58,50,-82069.949
57,51,-72445.341
56,52,-65781.676
54,54,-42632.357
68,41,-56689.800
67,42,-66659.285
66,43,-74282.828
65,44,-80738.455
64,45,-84999.251
63,46,-87606.484
62,47,-88719.431
61,48,-88504.330
60,49,-86489.526
59,50,-82630.180
58,51,-76250.986
57,52,-67715.399
56,53,-57672.505
55,54,-46169.546
69,41,-52309.914
68,42,-64535.814
67,43,-71034.564
66,44,-80072.629
65,45,-82828.693
64,46,-88330.904
63,47,-87457.306
62,48,-90347.969
61,49,-86469.969
60,50,-85841.993
59,51,-77449.745
58,52,-72229.821
57,53,-60467.844
56,54,-51922.636
69,42,-59939.813
68,43,-69024.675
67,44,-76785.325
66,45,-82303.871
65,46,-85985.886
64,47,-88215.447
63,48,-89252.247
62,49,-88392.050
61,50,-85938.581
60,51,-80836.747
59,52,-73587.487
58,53,-64953.795
69,43,-65258.932
68,44,-75630.873
67,45,-79731.052
66,46,-86321.039
65,47,-86583.729
64,48,-90574.857
63,49,-87990.127
62,50,-88655.049
61,51,-81598.973
60,52,-77567.518
59,53,-67063.339
58,54,-60026.348
70,43,-62811.549
69,44,-71867.816
68,45,-78766.944
67,46,-83590.500
66,47,-87026.825
65,48,-89043.286
64,49,-89367.123
63,50,-88328.129
62,51,-84416.966
61,52,-78347.037
60,53,-71119.517
59,54,-62203.626
58,55,-51764.539
71,43,-58600.294
70,44,-70221.213
69,45,-75710.275
68,46,-83490.346
67,47,-84930.811
66,48,-90014.934
65,49,-88569.807
64,50,-90559.735
63,51,-84496.616
62,52,-81889.676
61,53,-72638.935
60,54,-67085.899
59,55,-54685.928
58,56,-45905.437
71,44,-66105.296
70,45,-74229.228
69,46,-80425.822
68,47,-84982.587
67,48,-88084.480
66,49,-89536.357
65,50,-90033.846
64,51,-87003.412
63,52,-82062.767
62,53,-76337.805
61,54,-68656.757
72,44,-64068.917
71,45,-70735.742
70,46,-79831.026
69,47,-82542.664
68,48,-88712.489
67,49,-88249.758
66,50,-91525.979
65,51,-86822.020
64,52,-85263.793
63,53,-77420.654
62,54,-73046.877
73,44,-59489.871
72,45,-68896.758
71,46,-76423.890
70,47,-82181.918
69,48,-86418.397
68,49,-88943.035
67,50,-90397.742
66,51,-88639.564
65,52,-85095.500
64,53,-80438.568
63,54,-74185.347
62,55,-66493.101
61,56,-57457.906
73,45,-64886.840
72,46,-75388.358
71,47,-79553.802
70,48,-86701.649
69,49,-87228.177
68,50,-91652.843
67,51,-87996.204
66,52,-87690.758
65,53,-80971.056
64,54,-78079.067
63,55,-68409.377
74,45,-62822.802
73,46,-71407.277
72,47,-78645.759
71,48,-83976.939
70,49,-87698.658
69,50,-90064.985
68,51,-89475.539
67,52,-87182.539
66,53,-83777.731
65,54,-78794.488
64,55,-72305.061
63,56,-64590.096
74,46,-70279.604
73,47,-75651.512
72,48,-83957.365
71,49,-85727.741
70,50,-91097.741
69,51,-88417.133
68,52,-89362.160
67,53,-83747.160
66,54,-82172.434
65,55,-73888.649
64,56,-68888.649
76,45,-56250.134
75,46,-66182.337
74,47,-74402.831
73,48,-81073.837
72,49,-85834.593
71,50,-89196.626
70,51,-89599.157
69,52,-88543.111
68,53,-86245.649
67,54,-82480.997
66,55,-77102.342
65,56,-70744.847
76,46,-64616.169
75,47,-71106.118
74,48,-80612.384
73,49,-83571.361
72,50,-89939.953
71,51,-88334.205
70,52,-90313.282
69,53,-86079.282
68,54,-85354.988
67,55,-78144.769
66,56,-74608.952
77,46,-60429.748
76,47,-69568.581
75,48,-77414.183
74,49,-83429.034
73,50,-87814.683
72,51,-89222.890
71,52,-89170.978
70,53,-87942.588
69,54,-85248.258
68,55,-81043.657
67,56,-75654.963
77,47,-66229.951
76,48,-76699.436
75,49,-80867.778
74,50,-88231.475
73,51,-87619.069
72,52,-90524.142
71,53,-87364.555
70,54,-87667.405
69,55,-81741.060
68,56,-79089.786
67,57,-70258.617
78,47,-64519.939
77,48,-73348.090
76,49,-80412.308
75,50,-85893.657
74,51,-88255.094
73,52,-89021.794
72,53,-88836.024
71,54,-87199.361
70,55,-84089.742
69,56,-79668.976
68,57,-73759.492
78,48,-72255.727
77,49,-77809.377
76,50,-86015.135
75,51,-86393.135
74,52,-90064.168
73,53,-87910.496
72,54,-89146.38687
71,55,-84350.683
70,56,-82669.913
69,57,-74973.476
68,58,-70820.565
79,48,-68741.199
78,49,-76879.897
77,50,-83469.578
76,51,-86698.294
75,52,-88280.497
74,53,-88983.217
73,54,-88320.883
72,55,-86240.027
71,56,-82817.955
70,57,-77896.116
69,58,-71979.344
80,48,-67238.245
79,49,-74190.117
78,50,-83361.430
77,51,-84629.852
76,52,-88993.794
75,53,-87738.030
74,54,-89860.53427
73,55,-85931.773
72,56,-85369.156
71,57,-78625.439
70,58,-75533.925
69,59,-66330.764
81,48,-63122.142
80,49,-72834.889
79,50,-80590.597
78,51,-84629.384
77,52,-87004.884
76,53,-88507.176
75,54,-88696.06975
74,55,-87499.050
73,56,-85060.866
72,57,-81323.541
71,58,-76287.504
70,59,-69773.566
82,48,-61117.597
81,49,-69906.530
80,50,-80132.217
79,51,-82285.687
78,52,-87352.960
77,53,-86936.188
76,54,-89880.474
75,55,-86899.754
74,56,-87256.776
73,57,-81627.374
72,58,-79422.913
71,59,-71175.464
70,60,-66596.239
83,48,-55211.760
82,49,-68024.369
81,50,-77264.579
80,51,-81981.412
79,52,-85211.022
78,53,-87442.727
77,54,-88413.57492
76,55,-88055.574
75,56,-86678.958
74,57,-83769.265
73,58,-79708.448
72,59,-74300.664
71,60,-67768.040
84,48,-50465.429
83,49,-62411.554
82,50,-76546.554
81,51,-79635.282
80,52,-85188.197
79,53,-85703.502
78,54,-89278.97451
77,55,-87152.693
76,56,-88434.903
75,57,-83723.578
74,58,-82468.688
73,59,-75227.464
72,60,-71425.815
83,50,-70873.890
82,51,-78923.513
81,52,-82937.133
80,53,-85857.302
79,54,-87643.583
78,55,-88070.943
77,56,-87553.512
76,57,-85494.392
75,58,-82418.223
74,59,-77937.591
73,60,-72332.380
72,61,-65407.653
84,50,-66433.759
83,51,-74019.004
82,52,-82533.752
81,53,-84043.440
80,54,-88125.83443
79,55,-86891.165
78,56,-88950.002
77,57,-85218.659
76,58,-84832.898
75,59,-78528.000
74,60,-75646.443
73,61,-66763.908
85,50,-60632.252
84,51,-69690.332
83,52,-77728.790
82,53,-83779.180
81,54,-86413.365
80,55,-87581.956
79,56,-87850.655
78,57,-86643.458
77,58,-84616.308
76,59,-80935.872
75,60,-76213.620
74,61,-70062.329
73,62,-62857.222
85,51,-64506.890
84,52,-74425.279
83,53,-79545.225
82,54,-86429.170
81,55,-86338.855
80,56,-88887.079
79,57,-86037.488
78,58,-86508.550
77,59,-81340.421
76,60,-79199.297
75,61,-71169.923
74,62,-66810.899
86,51,-60060.392
85,52,-69303.762
84,53,-76356.268
83,54,-82383.414
82,55,-86545.772
81,56,-87721.401
80,57,-87140.865
79,58,-85918.765
78,59,-83201.814
77,60,-79583.969
76,61,-74072.858
75,62,-67991.655
74,63,-60145.904
86,52,-65695.995
85,53,-71979.910
84,54,-79972.244
83,55,-82887.028
82,56,-88261.806
81,57,-86513.408
80,58,-87565.867
79,59,-83128.867
78,60,-82017.182
77,61,-74914.370
76,62,-71497.772
75,63,-61749.676
87,52,-60205.080
86,53,-68470.964
85,54,-75644.586
84,55,-80701.088
83,56,-84913.918
82,57,-87222.381
81,58,-86957.741
80,59,-84828.652
79,60,-82016.930
78,61,-77501.028
77,62,-72380.229
76,63,-65398.051
88,52,-56367.449
87,53,-63606.223
86,54,-72986.461
85,55,-77049.738
84,56,-83267.905
83,57,-84312.059
82,58,-88074.227
81,59,-84686.227
80,60,-84257.246
79,61,-78212.046
78,62,-75455.945
77,63,-66985.945
76,64,-61782.278
75,65,-50482.278
88,53,-59926.666
87,54,-68197.309
86,55,-74477.351
85,56,-79732.492
84,57,-82929.844
83,58,-85431.058
82,59,-86014.533
81,60,-84191.520
80,61,-80522.932
79,62,-75933.959
78,63,-69925.647
77,64,-63224.231
76,65,-54540.843
89,53,-54802.969
88,54,-65229.648
87,55,-70514.556
86,56,-77842.257
85,57,-80023.950
84,58,-84532.896
83,59,-83786.367
82,60,-85950.055
81,61,-81141.536
80,62,-78981.930
79,63,-71308.930
78,64,-66959.522
77,65,-56559.522
89,54,-60202.882
88,55,-67675.519
87,56,-73937.205
86,57,-78171.467
85,58,-81606.378
84,59,-83068.200
83,60,-84002.310
82,61,-82960.664
81,62,-79517.135
80,63,-74241.311
79,64,-68231.311
78,65,-60419.192
77,66,-52168.949
90,54,-56872.301
89,55,-63271.362
88,56,-71767.130
87,57,-74849.660
86,58,-80431.942
85,59,-80750.588
84,60,-83748.028
83,61,-81416.116
82,62,-81965.626
81,63,-75619.175
80,64,-71759.511
79,65,-62368.188
78,66,-56570.091
77,67,-44609.521
91,54,-51493.337
90,55,-60054.424
89,56,-67516.183
88,57,-72835.325
87,58,-77067.059
86,59,-79625.990
85,60,-81432.004
84,61,-81267.506
83,62,-80651.407
82,63,-77991.524
81,64,-72926.626
80,65,-66399.693
79,66,-58242.607
78,67,-49120.113
92,54,-47954.950
91,55,-55310.380
90,56,-64866.269
89,57,-69221.174
88,58,-75625.868
87,59,-76673.486
86,60,-80925.916
85,61,-79454.360
84,62,-80996.360
83,63,-77117.603
82,64,-76085.823
81,65,-67763.644
80,66,-62554.928
79,67,-51238.227
78,68,-44322.019
92,55,-51920.073
91,56,-60264.036
90,57,-66678.397
89,58,-72013.902
88,59,-75444.093
87,60,-78146.794
86,61,-79041.984
85,62,-79266.048
84,63,-77544.611
83,64,-75356.928
82,65,-70742.674
81,66,-64196.047
80,67,-55757.101
79,68,-46607.814
78,69,-35974.407
93,55,-46910.950
92,56,-57544.911
91,57,-62708.742
90,58,-70398.424
89,59,-72535.452
88,60,-77408.066
87,61,-76865.877
86,62,-79336.067
85,63,-76297.482
84,64,-76269.419
83,65,-70536.947
82,66,-67859.397
81,67,-57991.166
80,68,-51478.997
79,69,-38765.034
93,56,-52830.620
92,57,-60219.921
91,58,-66669.921
90,59,-71039.373
89,60,-74375.535
88,61,-76064.404
87,62,-77135.898
86,63,-76441.317
85,64,-75127.173
84,65,-71488.639
83,66,-67693.990
82,67,-61645.854
81,68,-53741.621
94,56,-49889.799
93,57,-56311.147
92,58,-64846.863
91,59,-68300.509
90,60,-73679.951
89,61,-73597.336
88,62,-77051.336
87,63,-74792.369
86,64,-75764.051
85,65,-71105.789
84,66,-69309.618
83,67,-61945.892
82,68,-57831.323
94,57,-53310.339
93,58,-61225.058
92,59,-66779.681
91,60,-70943.183
90,61,-73386.260
89,62,-74576.480
88,63,-74653.098
87,64,-74188.920
86,65,-71623.541
85,66,-68752.388
84,67,-63622.746
83,68,-58266.290
82,69,-50771.613
81,70,-41542.352
93,59,-63758.070
92,60,-70149.663
91,61,-71254.468
90,62,-74762.977
89,63,-72888.500
88,64,-74707.304
87,65,-70717.304
86,66,-70117.963
85,67,-63604.636
84,68,-60500.218
83,69,-51720.279
82,70,-46270.386
94,59,-61568.490
93,60,-67330.380
92,61,-70648.003
91,62,-72560.059
90,63,-73367.466
89,64,-72882.944
88,65,-71313.610
87,66,-69143.197
86,67,-65012.074
85,68,-60466.682
84,69,-53972.610
82,71,-38375.462
95,59,-57859.602
94,60,-65579.602
93,61,-68266.602
92,62,-72455.564
91,63,-71738.367
90,64,-73706.358
89,65,-70156.707
88,66,-70394.015
87,67,-64639.378
86,68,-62604.974
85,69,-54427.142
84,70,-49932.093
96,59,-55415.335
95,60,-62283.796
94,61,-66940.006
93,62,-70191.206
92,63,-71818.337
91,64,-72070.298
90,65,-71250.439
89,66,-69155.939
88,67,-66039.799
87,68,-62209.172
86,69,-56625.921
85,70,-50502.614
84,71,-42545.056
97,59,-51449.307
96,60,-60202.130
95,61,-64166.847
94,62,-69360.735
93,63,-70082.844
92,64,-72535.333
91,65,-70091.010
90,66,-70529.386
89,67,-65538.403
88,68,-64211.683
87,69,-56834.417
86,70,-53265.538
85,71,-43699.550
84,72,-37819.514
98,59,-48434.806
97,60,-56494.117
96,61,-62297.116
95,62,-66677.654
94,63,-69459.134
93,64,-70823.896
92,65,-70763.848
91,66,-69424.669
90,67,-66832.862
89,68,-63413.648
88,69,-58709.279
87,70,-53419.912
86,71,-46439.818
84,73,-29595.948
98,60,-53835.123
97,61,-59106.143
96,62,-65251.849
95,63,-67270.461
94,64,-70689.969
93,65,-69470.883
92,66,-70407.152
91,67,-66187.396
90,68,-65303.815
89,69,-58703.200
88,70,-56009.620
87,71,-47212.200
86,72,-42102.399
99,60,-49724.007
98,61,-56554.351
97,62,-62207.849
96,63,-66043.386
95,64,-68561.857
94,65,-69532.582
93,66,-69167.220
92,67,-67329.620
91,68,-64561.120
90,69,-60570.404
89,70,-55833.517
88,71,-49708.609
87,72,-42852.606
86,73,-34439.157
100,60,-46724.515
99,61,-52894.639
98,62,-60233.172
97,63,-63493.449
96,64,-67942.060
95,65,-67836.474
94,66,-69672.425
93,67,-66382.425
92,68,-66064.176
91,69,-60301.037
90,70,-58163.227
89,71,-50269.942
88,72,-45938.747
87,73,-35823.700
86,74,-29329.073
100,61,-50086.589
99,62,-56672.043
98,63,-61791.601
97,64,-65506.142
96,65,-67461.778
95,66,-68055.494
94,67,-67196.294
93,68,-65201.298
92,69,-61898.715
91,70,-57834.248
90,71,-52562.349
89,72,-46315.817
88,73,-38778.575
86,75,-20842.820
100,62,-54379.053
99,63,-58722.944
98,64,-64280.720
97,65,-65879.548
96,66,-68181.169
95,67,-66040.563
94,68,-66334.210
93,69,-61477.482
92,70,-59821.163
91,71,-52831.759
90,72,-49168.426
89,73,-39781.405
88,74,-33999.217
101,62,-50599.612
100,63,-56573.819
99,64,-61388.591
98,65,-64595.754
97,66,-66380.858
96,67,-66378.027
95,68,-65167.413
94,69,-62728.413
93,70,-59293.878
92,71,-54791.415
91,72,-49269.320
90,73,-42534.634
89,74,-34908.439
88,75,-26002.253
102,62,-47925.314
101,63,-53232.146
100,64,-59693.688
99,65,-62104.983
98,66,-65967.649
97,67,-64980.517
96,68,-65942.573
95,69,-61908.943
94,70,-61012.171
93,71,-54642.376
92,72,-51818.356
91,73,-43282.805
90,74,-38235.555
89,75,-27472.441
88,76,-20424.723
102,63,-50729.103
101,64,-56525.782
100,65,-60588.849
99,66,-63612.289
98,67,-64898.017
97,68,-64521.353
96,69,-62930.024
95,70,-60295.388
94,71,-56442.248
93,72,-51635.513
92,73,-45847.872
91,74,-38861.316
90,75,-30659.353
102,64,-54370.926
101,65,-57808.778
100,66,-62584.471
99,67,-63070.339
98,68,-64924.145
97,69,-61886.478
96,70,-61593.706
95,71,-56020.987
94,72,-53858.989
93,73,-46097.780
92,74,-41887.471
91,75,-31837.335
90,76,-25431.526
103,64,-50775.732
102,65,-55883.082
101,66,-59911.451
100,67,-62279.459
99,68,-63289.256
98,69,-62543.117
97,70,-60589.900
96,71,-57526.281
95,72,-53467.761
94,73,-48351.064
93,74,-42093.212
91,76,-26498.860
90,77,-17072.448
103,65,-52781.181
102,66,-58558.398
101,67,-60059.231
100,68,-62989.231
99,69,-61312.379
98,70,-61579.867
97,71,-57072.832
96,72,-55360.557
95,73,-48393.913
94,74,-44892.930
93,75,-35794.889
92,76,-29994.995
91,77,-18666.230
90,78,-11010.078
103,66,-55596.010
102,67,-58796.010
101,68,-60921.163
100,69,-61274.654
99,70,-60375.527
98,71,-58082.527
97,72,-54716.895
96,73,-50290.435
95,74,-44917.866
94,75,-38409.247
93,76,-30722.984
92,77,-22093.416
103,67,-56237.514
102,68,-60107.514
101,69,-59795.314
100,70,-60763.929
99,71,-57306.234
98,72,-56253.860
97,73,-50137.670
96,74,-47290.804
95,75,-38903.996
94,76,-33925.692
92,78,-16299.202
104,67,-54517.822
103,68,-57717.822
102,69,-59210.271
101,70,-59306.818
100,71,-57828.465
99,72,-55431.351
98,73,-51720.279
97,74,-47086.095
96,75,-41250.285
95,76,-34297.238
94,77,-26412.030
93,78,-17466.569
92,79,-7562.303
104,68,-56482.578
103,69,-57373.554
102,70,-59255.456
101,71,-56736.076
100,72,-56402.232
99,73,-51329.983
98,74,-49097.191
97,75,-41566.839
96,76,-37243.641
95,77,-27379.373
94,78,-21106.670
93,79,-9318.011
92,80,-1061.361
104,69,-56256.067
103,70,-57551.234
102,71,-56881.014
101,72,-55411.790
100,73,-52396.543
99,74,-48727.388
98,75,-43553.870
97,76,-37438.250
96,77,-30268.456
95,78,-21936.758
94,79,-12832.017
105,69,-53864.521
104,70,-56944.521
103,71,-55570.292
102,72,-55844.583
101,73,-51740.771
100,74,-50227.093
99,75,-43673.101
98,76,-39995.383
97,77,-30785.937
96,78,-25317.608
94,80,-6641.017
106,69,-52310.556
105,70,-54695.556
104,71,-55165.678
103,72,-54481.763
102,73,-52408.653
101,74,-49632.800
100,75,-45288.312
99,76,-40105.360
98,77,-33394.511
97,78,-25708.684
96,79,-17403.686
95,80,-7969.443
107,69,-49371.322
106,70,-53491.322
105,71,-53382.333
104,72,-54576.428
103,73,-51365.379
102,74,-50641.608
101,75,-45062.890
100,76,-42131.184
99,77,-33881.923
98,78,-28933.918
97,79,-18520.967
96,80,-11784.639
95,81,584.728
107,70,-50986.404
106,71,-52383.903
105,72,-52880.745
104,73,-51714.745
103,74,-49701.731
102,75,-46269.175
101,76,-41956.448
100,77,-36047.425
99,78,-29370.437
98,79,-21545.736
97,80,-12775.823
96,81,-3340.103
108,70,-49677.139
107,71,-50337.881
106,72,-52435.366
104,74,-50407.066
103,75,-45653.457
102,76,-43544.243
101,77,-36254.314
100,78,-31997.486
99,79,-22303.029
98,80,-16315.346
96,82,3573.371
108,71,-49059.013
107,72,-50463.036
106,73,-50357.456
105,74,-49295.247
104,75,-46584.312
103,76,-43020.137
102,77,-38081.719
101,78,-32268.127
100,79,-24988.572
99,80,-16932.924
98,81,-8269.632
97,82,2051.608
109,71,-46676.476
108,72,-49779.476
107,73,-48933.631
106,74,-49636.243
105,75,-45837.364
104,76,-44356.198
103,77,-37977.530
102,78,-34429.875
101,79,-25625.646
100,80,-20250.513
99,81,-9390.438
98,82,-1941.069
110,71,-44797.414
109,72,-47402.958
108,73,-48439.064
107,74,-48233.945
106,75,-46517.412
105,76,-43549.968
104,77,-39463.035
103,78,-34381.497
102,79,-27871.140
101,80,-20661.127
100,81,-12798.749
99,82,-3110.631
110,72,-46049.636
109,73,-46430.685
108,74,-48246.144
107,75,-45446.144
106,76,-44609.109
105,77,-39051.682
104,78,-36168.420
103,79,-28303.976
102,80,-23576.885
101,81,-13327.213
100,82,-6824.556
112,71,-39716.114
111,72,-43283.547
110,73,-45293.547
109,74,-46365.663
108,75,-45809.663
107,76,-43663.760
106,77,-40202.138
105,78,-35773.197
104,79,-30191.488
103,80,-23804.655
102,81,-16587.261
101,82,-7580.008
112,72,-41499.453
111,73,-42839.453
110,74,-45705.453
109,75,-44219.819
108,76,-44252.565
107,77,-39610.855
106,78,-37332.486
105,79,-30318.714
104,80,-26344.787
103,81,-16883.355
102,82,-11051.586
113,72,-38319.804
112,73,-41394.371
111,74,-43387.871
110,75,-43819.047
109,76,-42805.908
108,77,-40335.558
107,78,-36688.144
106,79,-31858.150
105,80,-26183.651
104,81,-19757.745
103,82,-11541.211
114,72,-36424.214
113,73,-38607.602
112,74,-42508.602
111,75,-41927.320
110,76,-43000.032
109,77,-39172.350
108,78,-37864.447
107,79,-31714.856
106,80,-28539.059
105,81,-19882.940
104,82,-14680.897
103,83,-3145.497
102,84,4101.531
114,73,-36895.550
113,74,-39904.044
112,75,-41216.548
111,76,-41219.015
110,77,-39549.377
109,78,-36685.361
108,79,-33028.780
107,80,-28118.509
106,81,-22444.592
105,82,-14986.955
104,83,-6383.275
103,84,2823.808
114,74,-38667.880
113,75,-39016.880
112,76,-41137.301
111,77,-38344.955
110,78,-37820.970
109,79,-32371.315
108,80,-30198.351
107,81,-22336.403
106,82,-17811.024
105,83,-7194.800
104,84,-544.378
114,75,-37979.097
113,76,-38986.802
112,77,-38449.652
111,78,-36469.405
110,79,-33581.958
109,80,-29626.378
108,81,-24616.105
107,82,-17844.019
106,83,-10064.664
105,84,-1421.996
116,74,-34368.832
115,75,-35583.015
114,76,-38707.825
113,77,-36753.614
112,78,-37306.504
111,79,-32833.540
110,80,-31370.625
109,81,-24366.236
108,82,-20416.607
107,83,-10595.906
106,84,-4562.708
117,74,-31176.176
116,75,-34350.408
115,76,-36395.239
114,77,-36708.826
113,78,-35698.336
112,79,-33797.910
111,80,-30591.849
110,81,-26282.951
109,82,-20291.243
108,83,-13239.351
107,84,-5068.731
106,85,3863.913
117,75,-31588.828
116,76,-35882.303
115,77,-34835.631
114,78,-36288.525
113,79,-32772.184
112,80,-32011.481
111,81,-25872.249
110,82,-22551.846
109,83,-13534.537
108,84,-8066.483
107,85,2925.742
118,75,-30231.641
117,76,-33394.401
116,77,-34536.305
115,78,-34479.677
114,79,-33404.829
113,80,-31062.165
112,81,-27477.218
111,82,-22229.255
110,83,-15884.563
109,84,-8325.302
108,85,-67.323
107,86,9042.920
118,76,-32435.176
117,77,-32531.776
116,78,-34760.101
115,79,-32211.950
114,80,-32183.952
113,81,-26937.498
112,82,-24207.866
111,83,-16023.020
110,84,-11004.617
109,85,-716.490
108,86,5724.624
119,76,-29511.596
118,77,-31692.318
117,78,-32793.878
116,79,-32567.061
115,80,-31013.342
114,81,-28155.292
113,82,-23738.039
112,83,-18025.567
111,84,-11116.655
110,85,-3470.299
109,86,5050.285
120,76,-28277.123
119,77,-29435.522
118,78,-32644.538
117,79,-31138.718
116,80,-31825.944
115,81,-27496.598
114,82,-25348.234
113,83,-18009.032
112,84,-13468.731
111,85,-3913.175
110,86,1975.169
120,77,-28264.123
119,78,-30419.775
118,79,-31139.751
117,80,-30540.231
116,81,-28354.222
115,82,-24745.385
114,83,-19687.196
113,84,-13393.078
112,85,-6355.255
111,86,1510.368
110,87,10253.968
120,78,-29904.018
119,79,-29580.793
118,80,-30954.315
117,81,-27528.753
116,82,-26067.443
115,83,-19373.851
114,84,-15473.278
113,85,-6708.747
112,86,-1230.320
111,87,9577.698
122,77,-24398.534
121,78,-27388.700
120,79,-29093.752
119,80,-29546.066
118,81,-28059.397
117,82,-25231.734
116,83,-20797.616
115,84,-15238.829
114,85,-8823.377
113,86,-1559.846
112,87,6771.388
122,78,-26599.178
121,79,-27240.094
120,80,-29503.267
119,81,-27047.227
118,82,-26250.858
117,83,-20370.574
116,84,-16941.683
115,85,-8987.894
114,86,-4000.454
113,87,6133.578
123,78,-23740.705
122,79,-26400.705
121,80,-27662.529
120,81,-27180.778
119,82,-25271.033
118,83,-21429.006
117,84,-16521.166
116,85,-10789.441
115,86,-4107.413
114,87,3588.573
113,88,11936.817
124,78,-22692.128
123,79,-24352.982
122,80,-27345.310
121,81,-25980.419
120,82,-25940.608
119,83,-20750.854
118,84,-17941.569
117,85,-10595.106
116,86,-6274.561
115,87,3101.538
114,88,9074.900
124,79,-23143.444
123,80,-25269.203
122,81,-25761.309
121,82,-24786.483
120,83,-21524.893
119,84,-17310.819
118,85,-12162.607
117,86,-6184.045
116,87,876.412
115,88,8601.331
124,80,-24690.148
123,81,-24346.070
122,82,-25109.815
121,83,-20645.927
120,84,-18341.045
119,85,-11875.252
118,86,-7970.115
117,87,607.308
116,88,6061.097
125,80,-22287.719
124,81,-23820.802
123,82,-23770.162
122,83,-21065.569
121,84,-17521.398
120,85,-12984.519
119,86,-7709.764
118,87,-1309.816
117,88,5803.853
116,89,14106.689
126,80,-20945.728
125,81,-22253.293
124,82,-23785.506
123,83,-20028.201
122,84,-18188.668
121,85,-12439.388
120,86,-9132.918
119,87,-1246.859
118,88,3565.613
117,89,13484.754
127,80,-16487.446
126,81,-21034.436
125,82,-22451.968
124,83,-20054.554
123,84,-17145.700
122,85,-13227.482
121,86,-8634.742
120,87,-2849.021
119,88,3513.988
118,89,11146.228
128,80,-13265.408
127,81,-16750.121
126,82,-21748.519
125,83,-18870.151
124,84,-17469.207
123,85,-12469.901
122,86,-9655.389
121,87,-2664.928
120,88,1727.934
119,89,10760.854
118,90,16688.041
128,81,-13644.793
127,82,-17614.574
126,83,-18258.589
125,84,-16366.015
124,85,-12883.773
123,86,-8941.049
122,87,-3782.144
121,88,1858.240
120,89,8844.887
129,81,-9246.996
128,82,-14728.429
127,83,-14791.905
126,84,-15953.060
125,85,-11972.099
124,86,-9604.764
123,87,-3343.508
122,88,442.839
121,89,8764.079
120,90,14059.521
130,81,-6077.999
129,82,-10493.012
128,83,-11859.116
127,84,-12432.492
126,85,-11647.191
125,86,-8755.330
124,87,-4140.314
123,88,831.870
122,89,7143.485
121,90,13876.396
120,91,22052.226
130,82,-7548.929
129,83,-8117.943
128,84,-10369.408
127,85,-8628.149
126,86,-8659.219
125,87,-3515.998
124,88,-198.763
123,89,7299.600
122,90,12110.886
121,91,21596.523
132,81,1783.811
131,82,-3203.598
130,83,-5231.671
129,84,-6653.519
128,85,-6579.522
127,86,-5695.949
126,87,-3554.199
125,88,345.557
124,89,6141.029
123,90,12120.108
122,91,19654.194
132,82,-183.019
131,83,-1200.780
130,84,-4469.972
129,85,-3379.151
128,86,-4319.664
127,87,-958.327
126,88,92.740
125,89,6433.272
124,90,10694.932
123,91,19459.895
133,82,4342.245
132,83,1629.272
131,84,-541.771
130,85,-1256.583
129,86,-1168.990
128,87,318.137
127,88,2531.995
126,89,6030.550
125,90,10921.434
124,91,17804.537
123,92,24889.312
133,83,5873.988
132,84,1782.336
131,85,2256.678
130,86,253.312
129,87,2971.022
128,88,3291.466
127,89,8149.736
126,90,10298.537
125,91,17823.799
124,92,23066.429
134,83,8729.963
133,84,5883.452
132,85,4394.598
131,86,3658.566
130,87,4314.663
129,88,5889.536
128,89,8702.321
127,90,12205.780
126,91,17054.748
135,83,13216.038
134,84,8356.652
133,85,8100.218
132,86,5217.413
131,87,7059.440
130,88,6645.556
129,89,10850.845
128,90,12366.747
127,91,18649.568
126,92,21894.655
135,84,12681.361
134,85,10396.021
133,86,8829.337
132,87,8616.939
131,88,9393.853
130,89,11569.553
129,90,14462.780
128,91,18583.223
127,92,23295.953
126,93,29436.951
136,84,15263.462
135,85,14375.748
134,86,10611.994
133,87,11482.332
132,88,10272.091
131,89,13743.755
130,90,14689.538
129,91,20278.397
127,93,30475.022
137,84,19773.757
136,85,16782.729
135,86,14471.354
134,87,13277.251
133,88,12963.877
132,89,14531.048
131,90,16939.926
130,91,20374.937
129,92,24519.996
138,84,22486.268
137,85,20953.028
136,86,16371.957
135,87,16378.103
134,88,14320.205
133,89,16621.797
132,90,17203.039
131,91,22064.361
130,92,24272.834
129,93,31274.641
138,85,23428.008
137,86,20389.738
136,87,18382.329
135,88,17233.245
134,89,17825.055
133,90,19385.402
132,91,22337.614
131,92,26045.278
130,93,30658.583
139,85,27711.018
138,86,22445.098
137,87,21748.614
136,88,18825.832
135,89,20234.148
134,90,19995.581
133,91,23862.351
132,92,25742.690
131,93,32032.248
139,86,26534.143
138,87,23820.602
137,88,21993.044
136,89,21637.305
135,90,22310.193
134,91,24356.640
133,92,27372.001
132,93,31618.098
140,86,28747.194
139,87,27520.539
138,88,23667.576
137,89,24309.201
136,90,23197.649
135,91,26033.600
134,92,27328.797
133,93,32816.877
141,86,32885.835
140,87,29682.445
139,88,27177.464
138,89,25849.515
137,90,25804.759
136,91,26830.371
135,92,29045.034
134,93,32579.018
142,86,35243.466
141,87,33384.221
140,88,28940.194
139,89,28894.654
138,90,26770.899
137,91,28923.599
136,92,29220.001
134,94,36107.809
143,86,39362.400
142,87,35668.253
141,88,32561.963
140,89,30689.936
139,90,29585.517
138,91,29896.848
137,92,31210.620
136,93,33801.378
135,94,37394.924
134,95,42180.414
143,87,39486.769
142,88,34516.306
141,89,33838.386
140,90,30862.512
139,91,32173.543
138,92,31615.017
137,93,35236.615
136,94,36932.170
144,87,42080.575
143,88,38216.488
142,89,35762.853
141,90,33815.811
140,91,33424.338
139,92,33805.952
138,93,35623.686
137,94,38308.577
145,87,46072.834
144,88,40496.955
143,89,39154.423
142,90,35446.710
141,91,35946.549
140,92,34609.445
138,94,38360.915
146,87,48920.052
145,88,44334.062
144,89,41308.037
143,90,38731.642
142,91,37489.410
141,92,36919.111
140,93,37948.531
139,94,40051.836
137,96,47293.340
146,88,46930.629
145,89,44841.195
144,90,40612.958
143,91,40338.870
142,92,38144.959
141,93,39954.806
140,94,40349.986
138,96,46722.411
146,89,47357.160
145,90,44017.754
144,91,42288.901
143,92,40918.782
142,93,41043.044
141,94,42182.346
140,95,44624.602
147,89,51220.998
146,90,46255.203
145,91,45333.955
144,92,42444.582
143,93,43378.094
142,94,42901.508
140,96,47852.820
147,90,49955.097
146,91,47527.624
145,92,45390.133
144,93,44871.599
143,94,45091.662
141,96,49247.151
139,98,57938.255
147,91,50894.043
146,92,47307.732
145,93,47454.597
144,94,46163.148
143,95,48421.421
142,96,49445.203
147,92,50572.668
146,93,49311.005
145,94,48588.220
144,95,49390.360
143,96,51146.962
148,92,52715.497
147,93,52316.229
146,94,50125.319
145,95,51510.110
144,96,51724.222
142,98,57988.719
148,93,54315.115
147,94,52955.115
146,95,52934.335
145,96,53701.770
149,93,57416.876
148,94,54716.876
147,95,55468.014
146,96,54803.699
144,98,59386.982
149,94,57754.561
148,95,57175.005
147,96,57181.936
146,97,58689.629
150,94,59806.021
149,95,59879.135
148,96,58451.835
147,97,60713.825
146,98,61478.096
151,94,63178.173
150,95,61900.417
149,96,61004.524
148,97,61813.776
147,98,63385.151
152,94,65394.772
150,96,62616.912
149,97,63966.912
148,98,64090.228
147,99,67818.802
146,100,70191.187
151,96,65533.105
150,97,65489.521
149,98,66109.392
148,99,68578.393
152,96,67392.748
151,97,68131.053
150,98,67237.951
148,100,71897.793
153,96,70750.696
152,97,69846.333
151,98,69722.733
149,100,73519.143
148,101,77180.952
154,96,72989.588
153,97,72952.006
152,98,71170.336
150,100,74072.193
149,101,78399.140
155,96,76647.981
154,97,75227.981
153,98,74134.981
152,99,74511.547
151,100,75958.808
150,101,78966.749
154,98,76034.610
153,99,77294.610
152,100,76816.611
151,101,80467.118
150,102,82871.370
155,98,79301.562
154,99,79010.486
153,100,79345.549
151,102,84358.696
150,103,88523.471
156,98,81341.395
155,99,81994.151
154,100,80902.521
152,102,84723.312
151,103,89645.887
156,99,84089.237
155,100,83800.465
154,101,84842.069
153,102,86811.934
152,103,89947.305
156,100,85484.796
154,102,87823.046
153,103,91746.603
152,104,94221.992
157,100,88590.137
156,101,88992.472
155,102,90247.064
153,104,95866.389
152,105,100154.285
157,101,91690.350
154,104,96344.338
153,105,101507.703
157,102,94079.381
154,105,101991.021
154,106,106547.495
157,104,101318.233
155,106,108005.004
154,107,113079.410
156,106,108369.072
155,107,114252.119
156,108,119563.165
157,108,120900.245
158,108,121139.675
157,109,127672.681
159,110,134834.671
160,110,134681.584
